{
  "model_id": "e4581548-6696-4a64-a53e-425e516df3f9",
  "model_name": "Model_CONSUMER",
  "created_at": "2025-12-16T16:16:09.206450",
  "created_by": "system",
  "segment": "CONSUMER",
  "data_info": {
    "train_records": 5600,
    "test_records": 2400,
    "train_bad_rate": 0.12607142329216003,
    "test_bad_rate": 0.1262499988079071,
    "feature_names": [
      "payment_history",
      "credit_utilization",
      "account_tenure",
      "monthly_income",
      "recent_inquiries",
      "num_credit_lines"
    ]
  },
  "architecture": {
    "input_dim": 6,
    "hidden_layers": [
      64,
      32
    ],
    "activation_function": "relu",
    "dropout_rate": 0.2,
    "use_batch_normalization": true
  },
  "regularization": {
    "l1_lambda": 0.0,
    "l2_lambda": 0.01,
    "gradient_clip_norm": 1.0
  },
  "loss_function": {
    "loss_type": "combined",
    "loss_alpha": 0.3,
    "auc_gamma": 2.0
  },
  "optimizer": {
    "optimizer_type": "adam",
    "learning_rate": 0.001,
    "weight_decay": 0.01
  },
  "training": {
    "batch_size": 256,
    "epochs": 100,
    "early_stopping_patience": 5
  },
  "final_metrics": {
    "discrimination": {
      "auc_roc": 0.6003807104601734,
      "gini_ar": 0.20076142092034677,
      "ks_statistic": 0.1590437889099121
    }
  },
  "training_history": {
    "epochs": [
      {
        "epoch": 1,
        "train_loss": 0.7345539195971056,
        "test_loss": 0.6865430057048798,
        "train_bce_loss": 0.8383926884694533,
        "train_auc_loss": 0.6900515881451693,
        "test_bce_loss": 0.6890275239944458,
        "test_auc_loss": 0.6854782104492188,
        "train_auc": 0.611559538129015,
        "test_auc": 0.6003807104601734,
        "train_ar": 0.22311907625802996,
        "test_ar": 0.20076142092034677,
        "train_ks": 0.17061477899551392,
        "test_ks": 0.1590437889099121,
        "learning_rate": 0.001,
        "epoch_time_seconds": 0.1403498649597168
      },
      {
        "epoch": 2,
        "train_loss": 0.6838648319244385,
        "test_loss": 0.6678393721580506,
        "train_bce_loss": 0.6951146234165538,
        "train_auc_loss": 0.6790434961969202,
        "test_bce_loss": 0.6390761852264404,
        "test_auc_loss": 0.6801664531230927,
        "train_auc": 0.6255286290317913,
        "test_auc": 0.5964933403211565,
        "train_ar": 0.2510572580635826,
        "test_ar": 0.19298668064231306,
        "train_ks": 0.19767165184020996,
        "test_ks": 0.1615508794784546,
        "learning_rate": 0.001,
        "epoch_time_seconds": 0.12401080131530762
      },
      {
        "epoch": 3,
        "train_loss": 0.652041039683602,
        "test_loss": 0.6477318525314331,
        "train_bce_loss": 0.600631982088089,
        "train_auc_loss": 0.674073492938822,
        "test_bce_loss": 0.5745156109333038,
        "test_auc_loss": 0.6791102349758148,
        "train_auc": 0.6281960856271946,
        "test_auc": 0.5950265269731552,
        "train_ar": 0.2563921712543893,
        "test_ar": 0.19005305394631034,
        "train_ks": 0.19275206327438354,
        "test_ks": 0.16766995191574097,
        "learning_rate": 0.001,
        "epoch_time_seconds": 0.24416470527648926
      },
      {
        "epoch": 4,
        "train_loss": 0.6329012269323523,
        "test_loss": 0.6321113407611847,
        "train_bce_loss": 0.5350526882843538,
        "train_auc_loss": 0.6748363104733553,
        "test_bce_loss": 0.5202730000019073,
        "test_auc_loss": 0.6800420582294464,
        "train_auc": 0.6316648066488306,
        "test_auc": 0.5921180816221822,
        "train_ar": 0.26332961329766125,
        "test_ar": 0.18423616324436431,
        "train_ks": 0.20272669196128845,
        "test_ks": 0.1762300431728363,
        "learning_rate": 0.001,
        "epoch_time_seconds": 0.12490701675415039
      },
      {
        "epoch": 5,
        "train_loss": 0.616043126041239,
        "test_loss": 0.6201140761375428,
        "train_bce_loss": 0.4848802997307344,
        "train_auc_loss": 0.6722557653080333,
        "test_bce_loss": 0.4834643542766571,
        "test_auc_loss": 0.6786782503128052,
        "train_auc": 0.6330395604955366,
        "test_auc": 0.5967695481994552,
        "train_ar": 0.2660791209910731,
        "test_ar": 0.19353909639891032,
        "train_ks": 0.20345255732536316,
        "test_ks": 0.18507817387580872,
        "learning_rate": 0.001,
        "epoch_time_seconds": 0.12362098693847656
      },
      {
        "epoch": 6,
        "train_loss": 0.6097132401032881,
        "test_loss": 0.6124060332775116,
        "train_bce_loss": 0.4556735862385143,
        "train_auc_loss": 0.6757302284240723,
        "test_bce_loss": 0.456951430439949,
        "test_auc_loss": 0.6790294349193573,
        "train_auc": 0.6348435269642773,
        "test_auc": 0.5960920126347399,
        "train_ar": 0.2696870539285545,
        "test_ar": 0.19218402526947975,
        "train_ks": 0.20308387279510498,
        "test_ks": 0.18955886363983154,
        "learning_rate": 0.001,
        "epoch_time_seconds": 0.12066483497619629
      }
    ],
    "best_epoch": 1,
    "best_test_ar": 0.20076142092034677,
    "total_training_time_seconds": 0.8792603015899658,
    "early_stopping_triggered": true,
    "early_stopping_epoch": 6
  },
  "scorecard": {
    "segment": "CONSUMER",
    "model_type": "neural_network",
    "score_min": 0,
    "score_max": 100,
    "raw_min": "-0.15695909",
    "raw_max": "0.15598483",
    "scale_factor": "319.54605",
    "offset": "50.155655",
    "input_scale_factor": 50.0,
    "features": [
      {
        "feature_name": "recent_inquiries",
        "weight": 0.0009000910795293748,
        "weight_normalized": 0.045004554092884064,
        "importance_rank": 1,
        "bins": [
          {
            "bin_index": 0,
            "input_value": -45,
            "bin_label": "Bin 1 (value: -45.0)",
            "raw_points": "-0.040504098",
            "scaled_points": -13,
            "count_train": 1246,
            "count_test": 520,
            "bad_rate_train": 0.1492776870727539,
            "bad_rate_test": 0.1519230753183365
          },
          {
            "bin_index": 1,
            "input_value": -15,
            "bin_label": "Bin 2 (value: -15.0)",
            "raw_points": "-0.013501367",
            "scaled_points": -4,
            "count_train": 1838,
            "count_test": 785,
            "bad_rate_train": 0.11915124952793121,
            "bad_rate_test": 0.11719745397567749
          },
          {
            "bin_index": 2,
            "input_value": 15,
            "bin_label": "Bin 3 (value: 15.0)",
            "raw_points": "0.013501367",
            "scaled_points": 4,
            "count_train": 1551,
            "count_test": 673,
            "bad_rate_train": 0.11992263048887253,
            "bad_rate_test": 0.12035661190748215
          },
          {
            "bin_index": 3,
            "input_value": 45,
            "bin_label": "Bin 4 (value: 45.0)",
            "raw_points": "0.040504098",
            "scaled_points": 13,
            "count_train": 965,
            "count_test": 422,
            "bad_rate_train": 0.11917098611593246,
            "bad_rate_test": 0.12085308134555817
          }
        ],
        "min_points": -13,
        "max_points": 13
      },
      {
        "feature_name": "payment_history",
        "weight": -0.0008643179317004979,
        "weight_normalized": -0.04321589693427086,
        "importance_rank": 2,
        "bins": [
          {
            "bin_index": 0,
            "input_value": -60,
            "bin_label": "Bin 1 (value: -60.0)",
            "raw_points": "0.051859077",
            "scaled_points": 17,
            "count_train": 589,
            "count_test": 260,
            "bad_rate_train": 0.2122241109609604,
            "bad_rate_test": 0.20000000298023224
          },
          {
            "bin_index": 1,
            "input_value": -25,
            "bin_label": "Bin 2 (value: -25.0)",